NO,"NO SURAT MASUK","NOMOR SURAT",TANGGAL,PERIHAL,"TERIMA DARI",ISI
1,303,11/PN.01.01/IV/2023,2023-04-10,"Pelatihan Program Kelanjutan Kegiatan Next Young Entreprenuer Batch X tahun 2023",,,Undangan
2,302,10/PN.01.01/IV/2024,2023-04-05,"Berita Acara Pelatihan Mechanical Joint Integrity","PT. Pertamina Hulu Kalimantan Timur",,"Berita Aca"
3,301,9/PN.01.01/IV/2024,2023-04-05,"Undangan Webinar dari Apple Developer Academy","Kaprodi DKV ISI Surakarta",,Undangan
4,300,8/PN.01.01/IV/2024,2023-04-05,"Berita Acara Pelatihan Mechanical Joint Integrity","PT. Pertamina Hulu Kalimantan Timur",,"Berita Aca"
5,299,7/PN.01.01/IV/2024,2023-04-05,"Berita Acara Pelatihan Mechanical Joint Integrity","PT. Pertamina Hulu Kalimantan Timur",,"Berita Aca"
6,298,6/PN.01.01/IV/2024,2023-04-05,"Permohonan Izin Tempat Kunjungan","SMK Negeri 1 Way Panji Lampung",,Permohonan
7,297,5/PN.01.01/IV/2024,2023-04-05,"Permohonan Izin Tempat Kunjungan","SMK N 1 Geneng Ngawi Jawa Timur",,Permohonan
8,296,4/PN.01.01/IV/2023,2023-04-05,"Permohonan Peminjaman Set Virtual Reality","Direktur Universitas Terbuka Surakarta",,Permohonan
9,295,3/PN.01.01/IV/2023,2023-04-04,Undangan,"1. Bpk Rony Widjanarko;2. Bpk Wahyu Hermawan;3. Bpk Christian Ardinto;$. Bpk Untung Priyohananto;5.Bpk Susilo Budi A",,Undangan
10,294,2/PN.01.01/IV/2023,2023-04-03,"Praktek Kerja Lapangan (PKL)","SMK Bhinneka Karya Surakarta",,Permohonan
11,293,57/PN.01.01/III/2023,2023-03-31,"Surat balasan Permohonan Peminjaman","Ketua Panitia PORTAKA FMIKA UNS",,Permohonan
12,292,56/PN.01.01/III/2023,2023-03-31,"Berita Acara Serah Terima Pelatihan Flow Measurement","PT. Pertamina Hulu Kalimantan Timur",,"Berita Aca"
13,291,55/PN.01.01/III/2023,2023-03-31,"Berita Acara Serah Terima Pelatihan Oil & Gas Separation System Operation","PT. Pertamina EP Asset 1",,"Berita Aca"
14,290,54/PN.01.01/III/2023,2023-03-31,"Berita Acara Serah Terima Pelatihan Oil & Gas Separation System Operation","PT. Pertamina EP (Reg 2 - SH Upstream)",,"Berita Aca"
15,289,53/PN.01.01/III/2023,2023-03-31,"Berita Acara Serah Terima Pelatihan Risk Analysis and Assesment","PT. Pertamina Hulu Kalimantan Timur",,"Berita Aca"
16,288,52/PN.01.01/III/2023,2023-03-31,"Berita Acara Serah Terima Pelatihan Risk Analysis and Assesment","PT. Pertamina EP (Reg 2 - SH Upstream)",,"Berita Aca"
17,287,50/PN.01.01/III/2023,2023-03-31,"Berita Acara Serah Terima Pelatihan Risk Analysis and Assesment","PT. Pertamina EP Asset 1",,"Berita Aca"
18,286,49/PN.01.01/III/2023,2023-03-31,"Berita Acara Serah Terima Pelatihan Mechanical Joint Integrity","PT. Pertamina EP (Reg 2 - SH Upstream)",,"Berita Aca"
19,285,48/PN.01.01/III/2023,2023-03-31,"Berita Acara Serah Terima Pelatihan Mechanical Joint Integrity","PT. Pertamina EP Asset 1",,"Berita Aca"
20,284,47/PN.01.01/III/2023,2023-03-31,"Berita Acara Serah Terima Pelatihan Mechanical Joint Integrity","PT. Pertamina Hulu Kalimantan Timur",,"Berita Aca"
21,283,46/PN.01.01/III/2023,2023-03-30,"Praktek Kerja Lapangan (PKL)","Kepala Sekolah SMK Leonardo Klaten",,Permohonan
22,282,45/PN.01.01/III/2023,2023-03-30,Undangan,"Bpk. Christian Ardianto - Pejabat Pelayanan dan Pengembangan UPTD KST Solo Technopark ; Bpk. Susilo Budi Arianto - Manajer Kerjasama UPTD KST Solo Technopark ; Risky Budi K - Marketing Eksekutif UPTD KST Solo Technopark",,Undangan
23,281,43/PN.01.01/III/2023,2023-03-30,"Usulan Rencana Kebutuhan Barang Milik Daerah dan Rencana Kebutuhan Pemeliharaan Barang Milik Daerah UPTD Kawasan Sains dan Teknologi Tahun Anggaran 2024","Sekretaris Daerah Kota Surakarta",,"Nota Dinas"
24,280,42/PN.01.01/III/2023,2023-03-30,Kunjungan,"Politeknik Negeri Bali Jurusan Teknik Elektro",,Permohonan
25,279,41/PN.01.01/III/2023,2023-03-30,Kunjungan,"SMK Negeri 1 Kalianda Lampung",,Permohonan
26,278,40/PN.01.01/III/2023,2023-03-30,"Konfirmasi Magang/Praktik Kerja Lapangan (PKL)","SMK Negeri 2 Surakarta",,Permohonan
27,277,39/PN.01.01/III/2023,2023-03-29,"Berita Acara Serah Terima Pelatihan Pump Operation, Maintenance, and Troubleshooting","Patra Jasa Officer Tower",,"Berita Aca"
28,276,38/PN.01.01/III/2023,2023-03-30,"Berita Acara Serah Terima Pelatihan Pump Operation, Maintenance, and Troubleshooting","PT. Pertamina EP Asset 1",,"Berita Aca"
29,275,37/PN.01.01/III/2023,2023-03-29,"Berita Acara Serah Terima Pelatihan Pump Operation, Maintenance, and Troubleshooting","PT. Pertamina EP Asset 2",,"Berita Aca"
30,274,36/PN.01.01/III/2023,2023-03-29,"Berita Acara Serah Terima Pelatihan Pump Operation, Maintenance, and Troubleshooting","PT. Pertamina EP (Reg 2 - SH Upstream)",,"Berita Aca"
31,273,35/PN.01.01/III/2023,2023-03-29,"Berita Acara Serah Terima Pelatihan Pump Operation, Maintenance, and Troubleshooting","PT. Pertamina Hulu Kalimantan Timur",,"Berita Aca"
32,272,32/PN.01.01/III/2023,2023-03-29,"Pemateri Workshop","Kepala Program Studi Fakultas Kedokteran UNS",,Permohonan
33,271,,,,,,
34,270,30/PN.01.01/III/2023,2023-03-28,"Izin Penggunaan Lapangan","Ketua Liga Bola Basket Solo",,Permohonan
35,269,29/PN.01.01/III/2023,2023-03-23,"Pengantar Proposal","Kepala Dinas Pendidikan dan Kebudayaan Provinsi Jawa Tenagh",,Permohonan
36,268,29/PN.01.01/III/2023,2023-03-23,"Pengantar Proposal","Kepala Cabang Dinas Pendidikan Jawa Tengah Wilayah VII",,Permohonan
37,267,28/PN.01.01/III/2023,,,,,
38,266,27/PN.01.01/III/2023,,,,,
39,265,26/PN.01.01/III/2023,,,,,
40,264,25/PN.01.01/III/2023,,,,,
41,263,24/PN.01.01/III/2023,,,,,
42,262,23/PN.01.01/III/2023,,,,,
43,261,22/PN.01.01/III/2023,,,,,
44,260,21/PN.01.01/III/2023,,,,,
45,259,20/PN.01.01/III/2023,,,,,
46,258,19/PN.01.01/III/2023,,,,,
47,257,18/PN.01.01/III/2023,,,,,
48,256,17/PN.01.01/III/2023,2023-03-13,"Memperhatikan surat dari SMK N 2 Surakarta nomor 420/025/2023","Kepala Sekolah SMK Negeri 2 Surakarta",,PKL
49,255,16/PN.01.01/III/2023,2023-03-13,"Memperhatikan surat dari SMK N 1 Surakarta nomor 421/078/SMK.01/2023 perihal PKL","Kepala Sekolah SMK Negeri 1 Surakarta",,PKL
50,254,15/PN.01.01/III/2023,,,,,
51,253,14/PN.01.01/III/2023,2023-03-13,"Memperhatikan surat dari SV UNS Nomor 1579/UN27.21/PK.01.06/2023","Dekan Akademik, Riset dan Kemahasiswaan Sekolah Vokasi UNS",,Magang
52,252,13/PN.01.01/III/2023,,,,,
53,251,12/PN.01.01/III/2023,,,,,
54,250,11/PN.01.01/III/2023,,,,,
55,249,10/PN.01.01/III/2023,,,,,
56,248,9/PN.01.01/III/2023,2023-03-07,"INFORMASI Pemeliharaan AC GoTo","PT GOTO Gojek Tokopedia Tbk Up. Bapak Syaiful",,Informasi
57,247,8/PN.01.01/III/2023,2023-03-06,"Memperhatikan surat dari SMK Negeri 1 Kalianda Nomor 421.5/091/V.01.VI.10/026/2023","Kepala Sekolah SMK Negeri 1 Kalianda Lampung",,Kunjungan
58,246,7/PN.01.01/III/2023,,,,,
59,245,6/PN.01.01/III/2023,,,,,
60,244,5/PN.01.01/III/2023,,,,,
61,243,4/PN.01.01/III/2023,,,,,
62,242,3/PN.01.01/III/2023,2023-03-01,"Memperhatikan surat dari JSIT Indonesia Jawa Tengah Perihal Kunjungan Nomor 002/PPLS-JSIT JATENG/II/2023","Ketua Bidang Pembinaan Siswa dan Prestasi Siswa JSIT JAWA TENGAH",,Kunjungan
63,241,2/PN.01.01/III/2023,2023-03-01,"Memperhatikan surat dari POLITEKNIK AKBARA SURAKARTA Perihal Kunjungan Nomor 0424/Sekr/AKBARA/II/2023","Ketua Program Studi D4 Bisnis Digital",,Kunjungan
64,240,1/PN.01.01/III/2023,,,,,
65,239,,,,,,
66,238,PN.01.01/1/SK/II/2023,2023-02-13,"Penetapan Peserta Magang Bersertifikat di UPTD Kawasan Sains dan Teknologi",,,"Keputusan "
67,237,55/PN.01.01/II/2023,,,,,
68,236,54/PN.01.01/II/2023,,,,,
69,235,53/PN.01.01/II/2023,,,,,
70,234,52/PN.01.01/II/2023,,,,,
71,233,51/PN.01.01/II/2023,,,,,
72,232,50/PN.01.01/II/2023,,,,,
73,231,49/PN.01.01/II/2023,,,,,
74,230,48/PN.01.01/II/2023,,,,,
75,229,47/PN.01.01/II/2023,,,,,
76,228,46/PN.01.01/II/2023,,,,,
77,227,45/PN.01.01/II/2023,,,,,
78,226,44/PN.01.01/II/2023,,,,,
79,225,43/PN.01.01/II/2023,,,,,
80,224,42/PN.01.01/II/2023,,,,,
81,223,41/PN.01.01/II/2023,2023-02-27,"Surat Kuasa pembayaran tagihan PDAM Gedung Gumarang dan Gedung Sembrani KST","Handhika Wiguna Jahja Direktur PT Shopee International Indonesia",,"Surat Kuas"
82,222,41/PN.01.01/II/2023,2023-02-28,"Permohonan Pendampingan Character Building","Komandan Rayon Militer Jebres Surakarta",,Permohonan
83,221,40/PN.01.01/II/2023,2023-02-27,"Peningkatan Kapasitas SDM SSC","Direktur Kemitraan Riset dan Inovasi BRIN",,Permohonan
84,220,39/PN.01.01/II/2023,2023-02-27,"Teknisi dan Perbaikan Alat Peraga SSC","Direktur Kemitraan Riset dan Inovasi BRIN",,Permohonan
85,219,38/PN.01.01/II/2023,2023-02-27,"Konfirmasi PKL dari SMK Negeri 2 Surakarta Nomor 420/025/2023 (6 orang)","Kepala Sekolah SMK Negeri 2 Surakarta",,PKL
86,218,37/PN.01.01/II/2023,2023-02-27,"Konfirmasi PKL dari SMK Negeri 2 Surakarta Nomor 420/025/2023 (8 orang)","Kepala Sekolah SMK Negeri 2 Surakarta",,PKL
87,217,37/PN.01.01/II/2023,2023-02-23,"Permohonan Surat Keterangan Rekening Giro","Kepala Bank Jateng Cabang Surakarta",,Permohonan
88,216,36/PN.01.01/II/2023,2023-02-22,"Perubahan Tujuan Penagihan","PT PLN (PERSERO) ULP MANAHAN",,Pemberitah
89,215,35/PN.01.01/II/2023,,,,,
90,214,34/PN.01.01/II/2023,,,,,
91,213,33/PN.01.01/II/2023,,,,,
92,212,32/PN.01.01/II/2023,,,,,
93,211,31/PN.01.01/II/2023,2023-02-16,"Undangan Opening Ceremony MSIB Solo Technopark 2023","Bapak Jihad Wafdal Qahhar A.",,Undangan
94,210,30/PN.01.01/II/2023,,,,,
95,209,29/PN.01.01/II/2023,2023-02-15,"Memperhatikan surat dari SMK Bhinneka Karya Surakarta Nomor 002/SMK BK/E.11/I/TM/2023","Kepala Sekolah SMK Bhinneka Karya Surakarta",,PKL
96,208,28/PN.01.01/II/2023,2023-02-15,"Memperhatikan surat dari UGM Nomor 174/UNI/SV2-TEDI/AKM/PJ/2023","Wakil Dekan Bidang Akademik dan Kemahasiswaan Ketua Departemen Teknik Elektro dan Informatika UGM",,Magang
97,207,27/PN.01.01/II/2023,2023-02-15,"Konfirmasi Magang/PKL dari UNNES Nomor B/2149/UN37.1.5/KM/2023","Wakil Dekan Bidang Akademik Universitas Negeri Semarang",,Magang
98,206,26/PN.01.01/II/2023,2023-02-15,"Memperhatikan surat dari SMK Negeri 5 Surakarta Nomor 420/991","Kepala Sekolah SMK Negeri 5 Surakarta",,PKL
99,205,25/PN.01.01/II/2023,,,,,
100,204,24/PN.01.01/II/2023,2023-02-15,"Memperhatikan surat dari SMK Negeri 3 Wonosari Nomor 423/205","Kepala Sekolah SMK Negeri 3 Wonosari",,Kunjungan
101,203,23/PN.01.01/II/2023,2023-02-14,"Permohonan Fasilitas Pita Penggaduh","Kepala Dinas Perhubungan Kota Surakarta",,Permohonan
102,202,22/PN.01.01/II/2023,,,,,
103,201,21/PN.01.01/II/2023,,,,,
104,200,20/PN.01.01/II/2023,,,,,
105,199,19/PN.01.01/II/2023,2023-02-09,"Memperhatikan surat dari UGM Perihal Permohonan Magang/PKL","Wakil Dekan Bidang Akademik dan Kemahasiswaan Ketua Departemen Teknik Mesin UGM",,Magang/PKL
106,198,18/PN.01.01/II/2023,2023-02-09,"Memperhatikan surat dari SMK Negeri 1 Kalitengah Lamongan perihal permohonan Kunjungan","Kepala Sekolah SMK Negeri 1 Kalitengah Lamongan",,Kunjungan
107,197,17/PN.01.01/II/2023,2023-02-09,"Memperhatikan surat dari SMK Gamaliel 1 Madiun perihal permohonan Kunjungan","Kepala Sekolah SMK Gamaliel 1 Madiun",,Kunjungan
108,196,16/PN.01.01/II/2023,2023-02-09,"Memperhatikan surat dari SMK Negeri 2 Karanganyar perihal permohonan Kunjungan","Kepala Sekolah SMK Negeri 2 Karanganyar",,Kunjungan
109,195,15.5/PN.01.01/II/2023,2023-02-08,"Surat Perintah Laporan Hasil Pemeriksaan Komprehensif tentang Kegiatan Operasional pada UPT STP TA 2022 Nomor PW.01.01/015/TIM III/I/2023 tgl 31 Januari 2023","Agus Tri Hananto, SE",,"Surat Peri"
110,194,15.4/PN.01.01/II/2023,2023-02-08,"Surat Perintah Laporan Hasil Pemeriksaan Komprehensif tentang Kegiatan Operasional pada UPT STP TA 2022 Nomor PW.01.01/015/TIM III/I/2023 tgl 31 Januari 2023","Budi Purwanto, ST",,"Surat Peri"
111,193,15.3/PN.01.01/II/2023,2023-02-08,"Surat Perintah Laporan Hasil Pemeriksaan Komprehensif tentang Kegiatan Operasional pada UPT STP TA 2022 Nomor PW.01.01/015/TIM III/I/2023 tgl 31 Januari 2023","Yustien Nurratna Mustika, SE",,"Surat Peri"
112,192,15.2/PN.01.01/II/2023,2023-02-08,"Surat Teguran","Yustien Nurratna Mustika, SE",,"Surat Tegu"
113,191,15.1/PN.01.01/II/2023,2023-02-08,"Surat Teguran","Yustien Nurratna Mustika, SE",,"Surat Tegu"
114,190,15/PN.01.01/II/2023,,,,,
115,189,14/PN.01.01/II/2023,2023-02-08,"Surat Kuasa menyelesaikan pembayaran tagihan listrik Gd. Gumarang dan Gd. Sembrani","Handhika Wiguna Jahja Direktur PT Shopee International Indonesia",,"Surat Kuas"
116,188,13/PN.01.01/II/2023,2023-02-07,"Menindaklanjuti surat Kepala Dinkop Nomor IN/343/I/2023 perihal Permohonan Personil","Kepala Dinas Koperasi, UKM dan Perindustrian Kota Surakarta",,"Surat Bala"
117,187,12/PN.01.01/II/2023,2023-02-07,"Surat Pengantar Rencana Bisnis dan Anggaran UPTD KST Tahun 2023","Kepala Badan Pengelolaan Keuangan dan Aset Daerah Kota Surakarta",,"Surat Peng"
118,186,11/PN.01.01/II/2023,,,,,
119,185,10/PN.01.01/II/2023,2023-02-03,"Memperhatikan surat permohonan kunjungan dari SMK PGRI BRATI","Kepala Sekolah SMK PGRI BRATI",,Magang
120,184,9/PN.01.01/II/2023,2023-02-03,"Memperhatikan surat perihal permohonan magang/praktik kerja lapangan (PKL)","Wakil Ketua Sekolah Tinggi Ilmu Ekonomi Surakarta",,Magang
121,183,8/PN.01.01/II/2023,2023-02-03,"Memperhatikan surat perihal permohonan magang/praktik kerja lapangan (PKL)","Direktur Pudir 3 Bid. Kemahasiswaan & Hubind. Politeknik Pratama Mulia",,Magang
122,182,7/PN.01.01/II/2023,2023-02-03,"Memperhatikan surat permohonan kunjungan dari SMK Muhammadiyah 3 Karanganyar",,,Kunjungan
123,181,6/PN.01.01/II/2023,2023-02-03,"Memperhatikan surat permohonan kunjungan dari SMK Veteran 1 Sukoharjo","Kepala Sekolah SMK Veteran 1 Sukoharjo",,Kunjungan
124,180,5/PN.01.01/II/2023,2023-02-03,"Admin JDIH","Kepala Bagian Hukum Sekretariat Daerah Kota Surakarta",,Permohonan
125,179,4/PN.01.01/II/2023,2023-02-01,"Undangan Peresmian KST STP","Kepala Kejaksaan Negeri Surakarta",,Surakarta
126,178,3/PN.01.01/II/2023,2023-02-02,"Undangan Peresmian KST STP","Walikota Surakarta",,Undangan
127,177,2/PN.01.01/II/2023,2023-02-02,"Undangan Peresmian KST STP","Gubernur Jawa Tengah",,Undangan
128,176,1/PN.01.01/II/2023,2023-02-02,"Undangan Pameran Guyub Inovasi Digital",Terlampir,,Undangan
129,175,50/PN.01.01/I/2023,2023-01-31,"Surat Kuasa Pembayaran Tagihan PDAM Gd Gumarang dan Gd Sembrani KST","Handhika Wiguna Jahja Direktur PT Shopee International Indonesia",,"Surat Kuas"
130,174,49/PN.01.01/I/2023,2023-01-31,"Konsep Naskah dan Berita Acara Serah Terima (BAST) Hibah Barang Milik Negara (BMN) dari Badan Riset dan Inovasi Nasional (BRIN) kepada Pemerintah Kota Surakarta","Kepala Balitbangda",,"Nota Dinas"
131,173,48/PN.01.01/I/2023,2023-01-31,"Memperhatikan surat dari UNY perihal Permohonan Magang/Praktik Kerja Lapangan (PKL)","Wakil Dekan Bidang Akademik UNY FE",,Magang
132,172,47/PN.01.01/I/2023,2023-01-31,"Memperhatikan surat permohonan PKL (4 orang)","Kepala Sekolah SMK Negeri 2 Karanganyar",,Biasa
133,171,46/PN.01.01/I/2023,2023-01-30,"Surat Pengantar pengisian kuesioner Dyah Zahra Wati","Mitra/Tenant Solo Technopark",,"Surat Peng"
134,170,45/PN.01.01/I/2023,2023-01-30,"Memperhatikan surat permohonan kunjungan dari SMK N 1 BUAHDUA SUMEDANG","Kepala Sekolah SMKN 1 Buahdua Sumedang",,"Surat Bala"
135,169,44/PN.01.01/I/2023,2023-01-30,"Pemberitahuan terkait Pesangon","Ibu Susilowati, S.E.",,Pemberitah
136,168,43/PN.01.01/I/2023,2023-01-30,"Menindaklanjuti surat izin PKL (4 orang)","Kepala Sekolah SMK Pangudi Luhur Muntilan",,"Surat Bala"
137,167,42/PN.01.01/I/2023,2023-01-27,"Menindaklanjuti surat izin PKL (2 orang)","Dekan Fakultas Teknis UNNES",,"Surat Bala"
138,166,41/PN.01.01/I/2023,,,,,
139,165,40/PN.01.01/I/2023,,,,,
140,164,39/PN.01.01/I/2023,2023-01-25,"Surat Undangan Dewan Juri Createch: Kompetisi Adu Ide Bisnis","Kepala Balitbangda",,Undangan
141,163,38/PN.01.01/I/2023,2023-01-26,"Menindaklanjuti surat Musrenbangcam tahun 2023 untuk izin peminjaman tempat",,,"Surat Bala"
142,162,37/PN.01.01/I/2023,2023-01-24,"Pemberitahuan Kegiatan UPTD Kawasan Sains dan Teknologi","Kelurahan Jebres",,Pemberitah
143,161,37/PN.01.01/I/2023,2023-01-25,"Pemberitahuan perubahan nama menjadi UPTD Kawasan Sains dan Teknologi","Mitra KST Solo Techopark",,Pemberitah
144,160,36/PN.01.01/I/2023,2023-01-25,"Menindaklanjuti Surat dari UNS tentang Permohonan Izin Magang","Kaprodi D3 Komunikasi terapan",,"Surat Bala"
145,159,35/PN.01.01/I/2023,2023-01-25,"Surat Penunjukan Panitia","Direktur PT Garena Indonesia",,Permohonan
146,158,34/PN.01.01/I/2023,2023-01-24,"Surat Dukungan CV Teken Mas","Panitia Perbaikan Pipa Transmisi ULP Perumda Air Minum Kota Surakarta",,"Surat Duku"
147,157,33/PN.01.01/I/2023,2023-01-24,"Surat Dukungan CV Mekar Jaya","Panitia Perbaikan Pipa Transmisi ULP Perumda Air Minum Kota Surakarta",,"Surat Duku"
148,156,32/PN.01.01/I/2023,2023-01-24,"Surat Pengantar Proposal Solo Creative & Techno","Mitra KST Solo Techopark",,Undangan
149,155,31/PN.01.01/I/2023,2023-01-20,"Permohonan Perpanjangan Waktu Pembayaran Tagihan Layanan Telkom Bulan Januari 2023 dan Klarifikasi Tagihan","Manager PT. Telkom Indonesia (Persero) Tbk",,Permohonan
150,154,30/PN.01.01/I/2023,,,,,
151,153,29/PN.01.01/I/2023,,,,,
152,152,28/PN.01.01/I/2023,,,,,
153,151,27/PN.01.01/I/2023,2023-01-17,"Permohonan ASN sebagai Bendahara BLUD","Kepala BKPSDM Kota Surakarta",,Permohonan
154,150,26/PN.01.01/I/2023,2023-01-16,"Tanda Tangan Elektronik","Kepala Diskominfo SP",,Permohonan
155,149,25/PN.01.01/I/2023,2023-01-16,"Menindaklanjuti surat Sekretaris Daerah perihal Penunjukkan Personil dan Undangan","Kepala Dinas Tenaga Kerja Kota Surakarta",,
156,148,24/PN.01.01/I/2023,2023-01-13,"Juri Lomba Kreativitas dan Inovasi Kota Surakarta tahun 2023","Kepala Balitbangda",,"Surat Bias"
157,147,23/PN.01.01/I/2023,,,,,
158,146,22/PN.01.01/I/2023,2023-01-12,"Permohonan Perubahan Nama Rekening Nomor : 1002000116 Atas Nama BEND PENGBEL PB STP","Kepala Bank Jateng Cabang Surakarta",,Permohonan
159,145,21/PN.01.01/I/2023,2023-01-10,"Undangan Rapat Koordinasi Jasa Tenaga Kebersihan di UPTD Kawasan Sains dan Teknologi",,,Undangan
160,144,20/PN.01.01/I/2023,2023-01-11,Undangan,"Ibu SR Karyani Dewi",,Undangan
161,143,19/PN.01.01/I/2023,2023-01-10,"Menindaklanjuti surat permohonan personil Pendampingan Hilirisasi Hasil Riset Perguruan Tinggi","Kepala Balitbangda",,Permohonan
162,142,18/PN.01.01/I/2023,2023-01-10,"Menindaklanjuti surat permohonan tim pendamping produk hasil lomba Krenova Tingkat Kota Surakarta","Kepala Balitbangda",,Permohonan
163,141,17/PN.01.01/I/2023,,,,,
164,140,16/PN.01.01/I/2023,,,,,
165,139,15/PN.01.01/I/2023,2023-01-10,"Menindaklanjuti surat dari STKIP Muhammadiyah Blora perihal Permohonan Kunjungan Industri","Kepala Sekolah STKIP Muhammadiyah Blora",,Kunjungan
166,138,14/PN.01.01/I/2023,2023-01-10,"Menindaklanjuti surat dari SMKS Katolik Santo Pius Blora","Kepala Sekolah SMKS Katolik Santo Pius Blora",,Kunjungan
167,137,13/PN.01.01/I/2023,2023-01-10,"Menindaklanjuti surat dari SMK Krian 1 Sidoarjo perihal Permohonan Kunjungan Industri","Kepala Sekolah SMK Krian 1 Sidoarjo",,Kunjungan
168,136,12/PN.01.01/I/2023,2023-01-10,"Menindaklanjuti surat dari SMK Widya Praja Ungaran perihal Permohonan Kunjungan Industri","Kepala Sekolah SMK Widya Praja Ungaran",,Kunjungan
169,135,11/PN.01.01/I/2023,2023-01-10,"Menindaklanjuti surat dari SMK N 1 Sedayu Gresik Nomor: 423.4/880/101.6.24.16/2022 perihal Permohonan Kunjungan Industri","Kepala Sekolah SMKN 1 Sedayu Gresik",,Kunjungan
170,134,10/PN.01.01/I/2023,2023-01-10,"Menindaklanjuti surat permohonan magang dari UNS pada tanggal 12 Desember 2022 No: 476/UN27.21.3.8/PK.01.06/2022","Kaprodi D3 Manajemen Bisnis",,Magang
171,133,9/PN.01.01/I/2023,2023-01-09,"Surat Pengantar Usulan Admin Organisasi Penyelenggara ULAS dan SP4N LAPOR","Kepala Dinas Komunikasi Informatika Statistika Dan Persandian Kota Surakarta",,"Surat Peng"
172,132,8/PN.01.01/I/2023,2023-01-09,"Undangan Koordinasi Persiapan Peresmian Kawasan Sains dan Teknologi","Mitra Solo Technopark",,Undangan
173,131,7/PN.01.01/I/2023,2023-01-06,"Pemberitahuan Kegiatan Solo Technopark (Pekan Kolaborasi & Solo Techno Park Sports Week)",,,Pemberitah
174,130,6/PN.01.01/I/2023,2023-01-06,"Surat Pengantar Usulan Nama Kuasa Pengguna Anggaran (KPA)","Kepala Badan Pengelola Keuangan dan Aset Daerah Kota Surakarta",,"Surat Peng"
175,129,5/PN.01.01/I/2023,2023-01-06,"Permohonan Pengambilan Dokumentasi Kegiatan","Mitra KST Solo Techopark",,Permohonan
176,128,4/PN.01.01/I/2023,2023-01-03,"Informasi sewa menyewa ruang kantor PT Tokopedia di Gd. Solo Trade Center UPTD Kawasan Sains dan Teknologi","PT. Tokopedia",,Informasi
177,127,3/PN.01.01/I/2023,,,,,
178,126,2/PN.01.01/I/2023,2023-01-04,"Permohonan Perubahan Nama Rekening Nomor: 1380022007707 Atas nama UPT SOLO TECHNOPARK","Kepala Bank Mandiri KK Solo UNS",,Permohonan
179,125,1/PN.01.01/I/2023,2023-01-04,"Undangan Rapat Koordinasi Evaluasi Review Masterplan Kawasan Solo Technopark Kota Surakarta Tahun 2023",,,Undangan
180,124,1/PN.01.01/III/2023,,,,,
181,123,PN.01.01/1/SK/II/2023,2023-02-13,"Penetapan Peserta Magang Bersertifikat di UPTD Kawasan Sains dan Teknologi",,,"Keputusan "
182,122,55/PN.01.01/II/2023,,,,,
183,121,54/PN.01.01/II/2023,,,,,
184,120,53/PN.01.01/II/2023,,,,,
185,119,52/PN.01.01/II/2023,,,,,
186,118,51/PN.01.01/II/2023,,,,,
187,117,50/PN.01.01/II/2023,,,,,
188,116,49/PN.01.01/II/2023,,,,,
189,115,48/PN.01.01/II/2023,,,,,
190,114,47/PN.01.01/II/2023,,,,,
191,113,46/PN.01.01/II/2023,,,,,
192,112,45/PN.01.01/II/2023,,,,,
193,111,44/PN.01.01/II/2023,,,,,
194,110,43/PN.01.01/II/2023,,,,,
195,109,42/PN.01.01/II/2023,,,,,
196,108,41/PN.01.01/II/2023,2023-02-27,"Surat Kuasa pembayaran tagihan PDAM Gedung Gumarang dan Gedung Sembrani KST","Handhika Wiguna Jahja Direktur PT Shopee International Indonesia",,"Surat Kuas"
197,107,41/PN.01.01/II/2023,2023-02-28,"Permohonan Pendampingan Character Building","Komandan Rayon Militer Jebres Surakarta",,Permohonan
198,106,40/PN.01.01/II/2023,2023-02-27,"Peningkatan Kapasitas SDM SSC","Direktur Kemitraan Riset dan Inovasi BRIN",,Permohonan
199,105,39/PN.01.01/II/2023,2023-02-27,"Teknisi dan Perbaikan Alat Peraga SSC","Direktur Kemitraan Riset dan Inovasi BRIN",,Permohonan
200,104,38/PN.01.01/II/2023,2023-02-27,"Konfirmasi PKL dari SMK Negeri 2 Surakarta Nomor 420/025/2023 (6 orang)","Kepala Sekolah SMK Negeri 2 Surakarta",,PKL
201,103,37/PN.01.01/II/2023,2023-02-27,"Konfirmasi PKL dari SMK Negeri 2 Surakarta Nomor 420/025/2023 (8 orang)","Kepala Sekolah SMK Negeri 2 Surakarta",,PKL
202,102,37/PN.01.01/II/2023,2023-02-23,"Permohonan Surat Keterangan Rekening Giro","Kepala Bank Jateng Cabang Surakarta",,Permohonan
203,101,36/PN.01.01/II/2023,2023-02-22,"Perubahan Tujuan Penagihan","PT PLN (PERSERO) ULP MANAHAN",,Pemberitah
204,100,35/PN.01.01/II/2023,,,,,
205,99,34/PN.01.01/II/2023,,,,,
206,98,33/PN.01.01/II/2023,,,,,
207,97,32/PN.01.01/II/2023,,,,,
208,96,31/PN.01.01/II/2023,2023-02-16,"Undangan Opening Ceremony MSIB Solo Technopark 2023","Bapak Jihad Wafdal Qahhar A.",,Undangan
209,95,30/PN.01.01/II/2023,,,,,
210,94,29/PN.01.01/II/2023,2023-02-15,"Memperhatikan surat dari SMK Bhinneka Karya Surakarta Nomor 002/SMK BK/E.11/I/TM/2023","Kepala Sekolah SMK Bhinneka Karya Surakarta",,PKL
211,93,28/PN.01.01/II/2023,2023-02-15,"Memperhatikan surat dari UGM Nomor 174/UNI/SV2-TEDI/AKM/PJ/2023","Wakil Dekan Bidang Akademik dan Kemahasiswaan Ketua Departemen Teknik Elektro dan Informatika UGM",,Magang
212,92,27/PN.01.01/II/2023,2023-02-15,"Konfirmasi Magang/PKL dari UNNES Nomor B/2149/UN37.1.5/KM/2023","Wakil Dekan Bidang Akademik Universitas Negeri Semarang",,Magang
213,91,26/PN.01.01/II/2023,2023-02-15,"Memperhatikan surat dari SMK Negeri 5 Surakarta Nomor 420/991","Kepala Sekolah SMK Negeri 5 Surakarta",,PKL
214,90,25/PN.01.01/II/2023,,,,,
215,89,24/PN.01.01/II/2023,2023-02-15,"Memperhatikan surat dari SMK Negeri 3 Wonosari Nomor 423/205","Kepala Sekolah SMK Negeri 3 Wonosari",,Kunjungan
216,88,23/PN.01.01/II/2023,2023-02-14,"Permohonan Fasilitas Pita Penggaduh","Kepala Dinas Perhubungan Kota Surakarta",,Permohonan
217,87,22/PN.01.01/II/2023,,,,,
218,86,21/PN.01.01/II/2023,,,,,
219,85,20/PN.01.01/II/2023,,,,,
220,84,19/PN.01.01/II/2023,2023-02-09,"Memperhatikan surat dari UGM Perihal Permohonan Magang/PKL","Wakil Dekan Bidang Akademik dan Kemahasiswaan Ketua Departemen Teknik Mesin UGM",,Magang/PKL
221,83,18/PN.01.01/II/2023,2023-02-09,"Memperhatikan surat dari SMK Negeri 1 Kalitengah Lamongan perihal permohonan Kunjungan","Kepala Sekolah SMK Negeri 1 Kalitengah Lamongan",,Kunjungan
222,82,17/PN.01.01/II/2023,2023-02-09,"Memperhatikan surat dari SMK Gamaliel 1 Madiun perihal permohonan Kunjungan","Kepala Sekolah SMK Gamaliel 1 Madiun",,Kunjungan
223,81,16/PN.01.01/II/2023,2023-02-09,"Memperhatikan surat dari SMK Negeri 2 Karanganyar perihal permohonan Kunjungan","Kepala Sekolah SMK Negeri 2 Karanganyar",,Kunjungan
224,80,15.5/PN.01.01/II/2023,2023-02-08,"Surat Perintah Laporan Hasil Pemeriksaan Komprehensif tentang Kegiatan Operasional pada UPT STP TA 2022 Nomor PW.01.01/015/TIM III/I/2023 tgl 31 Januari 2023","Agus Tri Hananto, SE",,"Surat Peri"
225,79,15.4/PN.01.01/II/2023,2023-02-08,"Surat Perintah Laporan Hasil Pemeriksaan Komprehensif tentang Kegiatan Operasional pada UPT STP TA 2022 Nomor PW.01.01/015/TIM III/I/2023 tgl 31 Januari 2023","Budi Purwanto, ST",,"Surat Peri"
226,78,15.3/PN.01.01/II/2023,2023-02-08,"Surat Perintah Laporan Hasil Pemeriksaan Komprehensif tentang Kegiatan Operasional pada UPT STP TA 2022 Nomor PW.01.01/015/TIM III/I/2023 tgl 31 Januari 2023","Yustien Nurratna Mustika, SE",,"Surat Peri"
227,77,15.2/PN.01.01/II/2023,2023-02-08,"Surat Teguran","Yustien Nurratna Mustika, SE",,"Surat Tegu"
228,76,15.1/PN.01.01/II/2023,2023-02-08,"Surat Teguran","Yustien Nurratna Mustika, SE",,"Surat Tegu"
229,75,15/PN.01.01/II/2023,,,,,
230,74,14/PN.01.01/II/2023,2023-02-08,"Surat Kuasa menyelesaikan pembayaran tagihan listrik Gd. Gumarang dan Gd. Sembrani","Handhika Wiguna Jahja Direktur PT Shopee International Indonesia",,"Surat Kuas"
231,73,13/PN.01.01/II/2023,2023-02-07,"Menindaklanjuti surat Kepala Dinkop Nomor IN/343/I/2023 perihal Permohonan Personil","Kepala Dinas Koperasi, UKM dan Perindustrian Kota Surakarta",,"Surat Bala"
232,72,12/PN.01.01/II/2023,2023-02-07,"Surat Pengantar Rencana Bisnis dan Anggaran UPTD KST Tahun 2023","Kepala Badan Pengelolaan Keuangan dan Aset Daerah Kota Surakarta",,"Surat Peng"
233,71,11/PN.01.01/II/2023,,,,,
234,70,10/PN.01.01/II/2023,2023-02-03,"Memperhatikan surat permohonan kunjungan dari SMK PGRI BRATI","Kepala Sekolah SMK PGRI BRATI",,Magang
235,69,9/PN.01.01/II/2023,2023-02-03,"Memperhatikan surat perihal permohonan magang/praktik kerja lapangan (PKL)","Wakil Ketua Sekolah Tinggi Ilmu Ekonomi Surakarta",,Magang
236,68,8/PN.01.01/II/2023,2023-02-03,"Memperhatikan surat perihal permohonan magang/praktik kerja lapangan (PKL)","Direktur Pudir 3 Bid. Kemahasiswaan & Hubind. Politeknik Pratama Mulia",,Magang
237,67,7/PN.01.01/II/2023,2023-02-03,"Memperhatikan surat permohonan kunjungan dari SMK Muhammadiyah 3 Karanganyar",,,Kunjungan
238,66,6/PN.01.01/II/2023,2023-02-03,"Memperhatikan surat permohonan kunjungan dari SMK Veteran 1 Sukoharjo","Kepala Sekolah SMK Veteran 1 Sukoharjo",,Kunjungan
239,65,5/PN.01.01/II/2023,2023-02-03,"Admin JDIH","Kepala Bagian Hukum Sekretariat Daerah Kota Surakarta",,Permohonan
240,64,4/PN.01.01/II/2023,2023-02-01,"Undangan Peresmian KST STP","Kepala Kejaksaan Negeri Surakarta",,Surakarta
241,63,3/PN.01.01/II/2023,2023-02-02,"Undangan Peresmian KST STP","Walikota Surakarta",,Undangan
242,62,2/PN.01.01/II/2023,2023-02-02,"Undangan Peresmian KST STP","Gubernur Jawa Tengah",,Undangan
243,61,1/PN.01.01/II/2023,2023-02-02,"Undangan Pameran Guyub Inovasi Digital",Terlampir,,Undangan
244,60,50/PN.01.01/I/2023,2023-01-31,"Surat Kuasa Pembayaran Tagihan PDAM Gd Gumarang dan Gd Sembrani KST","Handhika Wiguna Jahja Direktur PT Shopee International Indonesia",,"Surat Kuas"
245,59,49/PN.01.01/I/2023,2023-01-31,"Konsep Naskah dan Berita Acara Serah Terima (BAST) Hibah Barang Milik Negara (BMN) dari Badan Riset dan Inovasi Nasional (BRIN) kepada Pemerintah Kota Surakarta","Kepala Balitbangda",,"Nota Dinas"
246,58,48/PN.01.01/I/2023,2023-01-31,"Memperhatikan surat dari UNY perihal Permohonan Magang/Praktik Kerja Lapangan (PKL)","Wakil Dekan Bidang Akademik UNY FE",,Magang
247,57,47/PN.01.01/I/2023,2023-01-31,"Memperhatikan surat permohonan PKL (4 orang)","Kepala Sekolah SMK Negeri 2 Karanganyar",,Biasa
248,56,46/PN.01.01/I/2023,2023-01-30,"Surat Pengantar pengisian kuesioner Dyah Zahra Wati","Mitra/Tenant Solo Technopark",,"Surat Peng"
249,55,45/PN.01.01/I/2023,2023-01-30,"Memperhatikan surat permohonan kunjungan dari SMK N 1 BUAHDUA SUMEDANG","Kepala Sekolah SMKN 1 Buahdua Sumedang",,"Surat Bala"
250,54,44/PN.01.01/I/2023,2023-01-30,"Pemberitahuan terkait Pesangon","Ibu Susilowati, S.E.",,Pemberitah
251,53,43/PN.01.01/I/2023,2023-01-30,"Menindaklanjuti surat izin PKL (4 orang)","Kepala Sekolah SMK Pangudi Luhur Muntilan",,"Surat Bala"
252,52,42/PN.01.01/I/2023,2023-01-27,"Menindaklanjuti surat izin PKL (2 orang)","Dekan Fakultas Teknis UNNES",,"Surat Bala"
253,51,41/PN.01.01/I/2023,,,,,
254,50,40/PN.01.01/I/2023,,,,,
255,49,39/PN.01.01/I/2023,2023-01-25,"Surat Undangan Dewan Juri Createch: Kompetisi Adu Ide Bisnis","Kepala Balitbangda",,Undangan
256,48,38/PN.01.01/I/2023,2023-01-26,"Menindaklanjuti surat Musrenbangcam tahun 2023 untuk izin peminjaman tempat",,,"Surat Bala"
257,47,37/PN.01.01/I/2023,2023-01-24,"Pemberitahuan Kegiatan UPTD Kawasan Sains dan Teknologi","Kelurahan Jebres",,Pemberitah
258,46,37/PN.01.01/I/2023,2023-01-25,"Pemberitahuan perubahan nama menjadi UPTD Kawasan Sains dan Teknologi","Mitra KST Solo Techopark",,Pemberitah
259,45,36/PN.01.01/I/2023,2023-01-25,"Menindaklanjuti Surat dari UNS tentang Permohonan Izin Magang","Kaprodi D3 Komunikasi terapan",,"Surat Bala"
260,44,35/PN.01.01/I/2023,2023-01-25,"Surat Penunjukan Panitia","Direktur PT Garena Indonesia",,Permohonan
261,43,34/PN.01.01/I/2023,2023-01-24,"Surat Dukungan CV Teken Mas","Panitia Perbaikan Pipa Transmisi ULP Perumda Air Minum Kota Surakarta",,"Surat Duku"
262,42,33/PN.01.01/I/2023,2023-01-24,"Surat Dukungan CV Mekar Jaya","Panitia Perbaikan Pipa Transmisi ULP Perumda Air Minum Kota Surakarta",,"Surat Duku"
263,41,32/PN.01.01/I/2023,2023-01-24,"Surat Pengantar Proposal Solo Creative & Techno","Mitra KST Solo Techopark",,Undangan
264,40,31/PN.01.01/I/2023,2023-01-20,"Permohonan Perpanjangan Waktu Pembayaran Tagihan Layanan Telkom Bulan Januari 2023 dan Klarifikasi Tagihan","Manager PT. Telkom Indonesia (Persero) Tbk",,Permohonan
265,39,30/PN.01.01/I/2023,,,,,
266,38,29/PN.01.01/I/2023,,,,,
267,37,28/PN.01.01/I/2023,,,,,
268,36,27/PN.01.01/I/2023,2023-01-17,"Permohonan ASN sebagai Bendahara BLUD","Kepala BKPSDM Kota Surakarta",,Permohonan
269,35,26/PN.01.01/I/2023,2023-01-16,"Tanda Tangan Elektronik","Kepala Diskominfo SP",,Permohonan
270,34,25/PN.01.01/I/2023,2023-01-16,"Menindaklanjuti surat Sekretaris Daerah perihal Penunjukkan Personil dan Undangan","Kepala Dinas Tenaga Kerja Kota Surakarta",,
271,33,24/PN.01.01/I/2023,2023-01-13,"Juri Lomba Kreativitas dan Inovasi Kota Surakarta tahun 2023","Kepala Balitbangda",,"Surat Bias"
272,32,23/PN.01.01/I/2023,,,,,
273,31,22/PN.01.01/I/2023,2023-01-12,"Permohonan Perubahan Nama Rekening Nomor : 1002000116 Atas Nama BEND PENGBEL PB STP","Kepala Bank Jateng Cabang Surakarta",,Permohonan
274,30,21/PN.01.01/I/2023,2023-01-10,"Undangan Rapat Koordinasi Jasa Tenaga Kebersihan di UPTD Kawasan Sains dan Teknologi",,,Undangan
275,29,20/PN.01.01/I/2023,2023-01-11,Undangan,"Ibu SR Karyani Dewi",,Undangan
276,28,19/PN.01.01/I/2023,2023-01-10,"Menindaklanjuti surat permohonan personil Pendampingan Hilirisasi Hasil Riset Perguruan Tinggi","Kepala Balitbangda",,Permohonan
277,27,18/PN.01.01/I/2023,2023-01-10,"Menindaklanjuti surat permohonan tim pendamping produk hasil lomba Krenova Tingkat Kota Surakarta","Kepala Balitbangda",,Permohonan
278,26,17/PN.01.01/I/2023,,,,,
279,25,16/PN.01.01/I/2023,,,,,
280,24,15/PN.01.01/I/2023,2023-01-10,"Menindaklanjuti surat dari STKIP Muhammadiyah Blora perihal Permohonan Kunjungan Industri","Kepala Sekolah STKIP Muhammadiyah Blora",,Kunjungan
281,23,14/PN.01.01/I/2023,2023-01-10,"Menindaklanjuti surat dari SMKS Katolik Santo Pius Blora","Kepala Sekolah SMKS Katolik Santo Pius Blora",,Kunjungan
282,22,13/PN.01.01/I/2023,2023-01-10,"Menindaklanjuti surat dari SMK Krian 1 Sidoarjo perihal Permohonan Kunjungan Industri","Kepala Sekolah SMK Krian 1 Sidoarjo",,Kunjungan
283,21,12/PN.01.01/I/2023,2023-01-10,"Menindaklanjuti surat dari SMK Widya Praja Ungaran perihal Permohonan Kunjungan Industri","Kepala Sekolah SMK Widya Praja Ungaran",,Kunjungan
284,20,11/PN.01.01/I/2023,2023-01-10,"Menindaklanjuti surat dari SMK N 1 Sedayu Gresik Nomor: 423.4/880/101.6.24.16/2022 perihal Permohonan Kunjungan Industri","Kepala Sekolah SMKN 1 Sedayu Gresik",,Kunjungan
285,19,10/PN.01.01/I/2023,2023-01-10,"Menindaklanjuti surat permohonan magang dari UNS pada tanggal 12 Desember 2022 No: 476/UN27.21.3.8/PK.01.06/2022","Kaprodi D3 Manajemen Bisnis",,Magang
286,18,9/PN.01.01/I/2023,2023-01-09,"Surat Pengantar Usulan Admin Organisasi Penyelenggara ULAS dan SP4N LAPOR","Kepala Dinas Komunikasi Informatika Statistika Dan Persandian Kota Surakarta",,"Surat Peng"
287,17,8/PN.01.01/I/2023,2023-01-09,"Undangan Koordinasi Persiapan Peresmian Kawasan Sains dan Teknologi","Mitra Solo Technopark",,Undangan
288,16,7/PN.01.01/I/2023,2023-01-06,"Pemberitahuan Kegiatan Solo Technopark (Pekan Kolaborasi & Solo Techno Park Sports Week)",,,Pemberitah
289,15,6/PN.01.01/I/2023,2023-01-06,"Surat Pengantar Usulan Nama Kuasa Pengguna Anggaran (KPA)","Kepala Badan Pengelola Keuangan dan Aset Daerah Kota Surakarta",,"Surat Peng"
290,14,5/PN.01.01/I/2023,2023-01-06,"Permohonan Pengambilan Dokumentasi Kegiatan","Mitra KST Solo Techopark",,Permohonan
291,13,4/PN.01.01/I/2023,2023-01-03,"Informasi sewa menyewa ruang kantor PT Tokopedia di Gd. Solo Trade Center UPTD Kawasan Sains dan Teknologi","PT. Tokopedia",,Informasi
292,12,3/PN.01.01/I/2023,,,,,
293,11,2/PN.01.01/I/2023,2023-01-04,"Permohonan Perubahan Nama Rekening Nomor: 1380022007707 Atas nama UPT SOLO TECHNOPARK","Kepala Bank Mandiri KK Solo UNS",,Permohonan
294,10,1/PN.01.01/I/2023,2023-01-04,"Undangan Rapat Koordinasi Evaluasi Review Masterplan Kawasan Solo Technopark Kota Surakarta Tahun 2023",,,Undangan
295,9,dafadf,2023-04-19,fdasds,fdsfa,adfsadf,fdsasd
